{
  "token_acc":1.0,
  "token_p":1.0,
  "token_r":1.0,
  "token_f":1.0,
  "cats_score":0.7956493552,
  "cats_score_desc":"macro F",
  "cats_micro_p":0.7956508473,
  "cats_micro_r":0.7956508473,
  "cats_micro_f":0.7956508473,
  "cats_macro_p":0.7956554744,
  "cats_macro_r":0.7956681088,
  "cats_macro_f":0.7956493552,
  "cats_macro_auc":0.8663691857,
  "cats_f_per_type":{
    "positive":{
      "p":0.7919577005,
      "r":0.7982616301,
      "f":0.7950971703
    },
    "negative":{
      "p":0.7993532483,
      "r":0.7930745875,
      "f":0.7962015401
    }
  },
  "cats_auc_per_type":{
    "positive":0.8663691858,
    "negative":0.8663691856
  },
  "speed":123320.6162755947
}